Employee ID,First Name,Last Name,Email,Job Title,Phone Number,Hire Date
E02387,Emily,Davis,unknown@example.com,Sr. Manger,0000000000,2016-04-08
E04105,Theodore,Dinh,unknown@example.com,Technical Architect,0000000000,1997-11-29
E02572,Luna,Sanders,unknown@example.com,Director,0000000000,2006-10-26
E02832,Penelope,Jordan,unknown@example.com,Computer Systems Manager,0000000000,2019-09-27
E01639,Austin,Vo,unknown@example.com,Sr. Analyst,0000000000,1995-11-20
E00644,Joshua,Gupta,unknown@example.com,Account Representative,0000000000,2017-01-24
E01550,Ruby,Barnes,unknown@example.com,Manager,0000000000,2020-07-01
E04332,Luke,Martin,unknown@example.com,Analyst,0000000000,2020-05-16
E04533,Easton,Bailey,unknown@example.com,Manager,0000000000,2019-01-25
E03838,Madeline,Walker,unknown@example.com,Sr. Analyst,0000000000,2018-06-13
E00591,Savannah,Ali,unknown@example.com,Sr. Manger,0000000000,2009-02-11
E03344,Camila,Rogers,unknown@example.com,Controls Engineer,0000000000,2021-10-21
E00530,Eli,Jones,unknown@example.com,Manager,0000000000,1999-03-14
E04239,Everleigh,Ng,unknown@example.com,Sr. Manger,0000000000,2021-06-10
E03496,Robert,Yang,unknown@example.com,Sr. Analyst,0000000000,2017-11-04
E00549,Isabella,Xi,unknown@example.com,Vice President,0000000000,2013-03-13
E00163,Bella,Powell,unknown@example.com,Director,0000000000,2002-03-04
E00884,Camila,Silva,unknown@example.com,Sr. Manger,0000000000,2003-12-01
E04116,David,Barnes,unknown@example.com,Director,0000000000,2013-11-03
E04625,Adam,Dang,unknown@example.com,Director,0000000000,2002-07-09
E03680,Elias,Alvarado,unknown@example.com,Sr. Manger,0000000000,2012-01-09
E04732,Eva,Rivera,unknown@example.com,Director,0000000000,2021-04-02
E03484,Logan,Rivera,unknown@example.com,Director,0000000000,2002-05-24
E00671,Leonardo,Dixon,unknown@example.com,Analyst,0000000000,2019-09-05
E02071,Mateo,Her,unknown@example.com,Vice President,0000000000,2014-03-02
E02206,Jose,Henderson,unknown@example.com,Director,0000000000,2015-04-17
E04545,Abigail,Mejia,unknown@example.com,Quality Engineer,0000000000,2005-02-05
E00154,Wyatt,Chin,unknown@example.com,Vice President,0000000000,2004-06-07
E03343,Carson,Lu,unknown@example.com,Engineering Manager,0000000000,1996-12-04
E00304,Dylan,Choi,unknown@example.com,Vice President,0000000000,2012-05-11
E02594,Ezekiel,Kumar,unknown@example.com,IT Coordinator,0000000000,2017-06-25
E00402,Dominic,Guzman,unknown@example.com,Analyst,0000000000,2004-05-16
E01994,Angel,Powell,unknown@example.com,Analyst II,0000000000,2008-07-11
E03549,Mateo,Vu,unknown@example.com,Account Representative,0000000000,2016-09-29
E03247,Caroline,Jenkins,unknown@example.com,Analyst,0000000000,2018-05-06
E02074,Nora,Brown,unknown@example.com,Enterprise Architect,0000000000,2014-02-11
E04152,Adeline,Huang,unknown@example.com,Controls Engineer,0000000000,2019-12-16
E01628,Jackson,Perry,unknown@example.com,Vice President,0000000000,2019-10-20
E04285,Riley,Padilla,unknown@example.com,Technical Architect,0000000000,2013-05-15
E01417,Leah,Pena,unknown@example.com,Enterprise Architect,0000000000,1994-01-03
E01754,Owen,Lam,unknown@example.com,Sr. Business Partner,0000000000,2017-05-29
E03749,Kennedy,Foster,unknown@example.com,Manager,0000000000,2013-11-23
E03574,John,Moore,unknown@example.com,Vice President,0000000000,2005-11-08
E04600,William,Vu,unknown@example.com,Account Representative,0000000000,2013-11-14
E00586,Sadie,Washington,unknown@example.com,Sr. Manger,0000000000,2019-05-24
E03538,Gabriel,Holmes,unknown@example.com,Enterprise Architect,0000000000,2010-11-04
E02185,Wyatt,Rojas,unknown@example.com,Computer Systems Manager,0000000000,2013-03-20
E03830,Eva,Coleman,unknown@example.com,Director,0000000000,2009-09-20
E03720,Dominic,Clark,unknown@example.com,Quality Engineer,0000000000,2012-10-17
E03025,Lucy,Alexander,unknown@example.com,Director,0000000000,2014-10-29
E04917,Everleigh,Washington,unknown@example.com,HRIS Analyst,0000000000,2001-10-20
E00415,Leilani,Butler,unknown@example.com,Analyst II,0000000000,2021-09-21
E02862,Peyton,Huang,unknown@example.com,Sr. Manger,0000000000,2021-07-02
E04207,John,Contreras,unknown@example.com,Analyst II,0000000000,2011-05-15
E02139,Rylee,Yu,unknown@example.com,Director,0000000000,2015-09-29
E01797,Piper,Lewis,unknown@example.com,Field Engineer,0000000000,2018-12-22
E01839,Stella,Alexander,unknown@example.com,Automation Engineer,0000000000,2005-12-10
E01633,Addison,Do,unknown@example.com,Operations Engineer,0000000000,2001-05-30
E01848,Zoey,Jackson,unknown@example.com,Business Partner,0000000000,2008-08-21
E00716,John,Chow,unknown@example.com,Sr. Manger,0000000000,2021-03-11
E00699,Ava,Ayala,unknown@example.com,Sr. Manger,0000000000,2006-08-16
E00502,Natalia,Salazar,unknown@example.com,Sr. Analyst,0000000000,2019-01-02
E04000,Skylar,Carrillo,unknown@example.com,Engineering Manager,0000000000,2008-12-18
E02112,Christian,Sanders,unknown@example.com,Vice President,0000000000,2013-08-07
E03824,Penelope,Coleman,unknown@example.com,Analyst,0000000000,2021-08-27
E03906,Piper,Richardson,unknown@example.com,Sr. Analyst,0000000000,2008-01-27
E00436,Everly,Walker,unknown@example.com,HRIS Analyst,0000000000,2009-10-23
E04798,Aurora,Ali,unknown@example.com,Manager,0000000000,2016-04-24
E01249,Penelope,Guerrero,unknown@example.com,Vice President,0000000000,2009-08-04
E03349,Anna,Mehta,unknown@example.com,Cloud Infrastructure Architect,0000000000,2020-01-05
E02966,William,Foster,unknown@example.com,Field Engineer,0000000000,2002-05-23
E01499,Jade,Rojas,unknown@example.com,Director,0000000000,2019-01-28
E00105,Isla,Espinoza,unknown@example.com,Manager,0000000000,2021-11-16
E00665,David,Chu,unknown@example.com,Controls Engineer,0000000000,1998-09-03
E00791,Thomas,Padilla,unknown@example.com,Vice President,0000000000,2003-07-26
E01540,Miles,Salazar,unknown@example.com,IT Coordinator,0000000000,2010-12-23
E04474,Mila,Hong,unknown@example.com,Test Engineer,0000000000,2017-05-22
E03417,Benjamin,Moua,unknown@example.com,Computer Systems Manager,0000000000,2007-07-02
E00254,Samuel,Morales,unknown@example.com,Analyst II,0000000000,2015-06-27
E02166,John,Soto,unknown@example.com,Sr. Manger,0000000000,2015-09-23
E00935,Joseph,Martin,unknown@example.com,Analyst II,0000000000,2016-09-13
E01525,Jose,Ross,unknown@example.com,Engineering Manager,0000000000,1992-04-08
E00386,Parker,James,unknown@example.com,Quality Engineer,0000000000,2005-02-05
E00416,Everleigh,Fernandez,unknown@example.com,Director,0000000000,2016-05-22
E03383,Lincoln,Hall,unknown@example.com,Director,0000000000,2020-07-28
E01516,Willow,Mai,unknown@example.com,Business Partner,0000000000,2003-12-17
E01234,Jack,Cheng,unknown@example.com,Director,0000000000,2014-01-16
E03440,Genesis,Navarro,unknown@example.com,Cloud Infrastructure Architect,0000000000,2009-04-28
E00431,Eliza,Hernandez,unknown@example.com,Network Architect,0000000000,2019-07-04
E01258,Gabriel,Brooks,unknown@example.com,Network Engineer,0000000000,2018-12-10
E00440,Jack,Huynh,unknown@example.com,Manager,0000000000,2018-09-25
E00595,Everly,Chow,unknown@example.com,Sr. Manger,0000000000,2018-04-21
E00972,Amelia,Salazar,unknown@example.com,Analyst II,0000000000,2019-04-23
E04562,Xavier,Zheng,unknown@example.com,Account Representative,0000000000,2017-07-22
E02802,Matthew,Chau,unknown@example.com,Sr. Business Partner,0000000000,2002-11-16
E01427,Mia,Cheng,unknown@example.com,Sr. Manger,0000000000,2015-04-22
E04568,Rylee,Yu,unknown@example.com,Vice President,0000000000,2011-07-10
E04931,Zoe,Romero,unknown@example.com,Network Architect,0000000000,2021-10-05
E00443,Nolan,Bui,unknown@example.com,Computer Systems Manager,0000000000,2020-05-26
E03890,Nevaeh,Jones,unknown@example.com,Vice President,0000000000,2020-08-20
E01194,Samantha,Adams,unknown@example.com,Test Engineer,0000000000,2013-04-22
E02875,Madeline,Shin,unknown@example.com,Computer Systems Manager,0000000000,2007-01-09
E04959,Noah,King,unknown@example.com,Development Engineer,0000000000,2015-01-27
E03816,Leilani,Chow,unknown@example.com,Director,0000000000,2021-02-23
E01261,Connor,Simmons,unknown@example.com,Analyst II,0000000000,2007-04-05
E03612,Grayson,Cooper,unknown@example.com,Sr. Manger,0000000000,2013-06-29
E01388,Ivy,Soto,unknown@example.com,Field Engineer,0000000000,1997-10-23
E03875,Aurora,Simmons,unknown@example.com,Development Engineer,0000000000,1995-12-22
E04413,Andrew,Thomas,unknown@example.com,Controls Engineer,0000000000,2016-12-02
E00691,Ezekiel,Desai,unknown@example.com,Director,0000000000,2003-01-15
E03047,Gabriella,Gupta,unknown@example.com,Sr. Account Representative,0000000000,2005-02-15
E04903,Skylar,Liu,unknown@example.com,Director,0000000000,2020-08-09
E04735,Nova,Coleman,unknown@example.com,System Administrator ,0000000000,2006-12-13
E02850,Evelyn,Dinh,unknown@example.com,Director,0000000000,2018-08-10
E03583,Brooks,Marquez,unknown@example.com,Vice President,0000000000,2019-09-24
E02017,Connor,Joseph,unknown@example.com,Director,0000000000,1998-07-22
E01642,Mia,Lam,unknown@example.com,Sr. Manger,0000000000,2006-04-18
E04379,Scarlett,Rodriguez,unknown@example.com,Sr. Analyst,0000000000,2007-02-24
E04131,Cora,Rivera,unknown@example.com,Sr. Analyst,0000000000,2021-01-02
E02872,Liam,Jung,unknown@example.com,Manager,0000000000,2010-01-14
E02331,Sophia,Huynh,unknown@example.com,Enterprise Architect,0000000000,2005-08-09
E00417,Athena,Carrillo,unknown@example.com,Analyst II,0000000000,2006-04-06
E04267,Greyson,Sanders,unknown@example.com,Cloud Infrastructure Architect,0000000000,2019-03-06
E03061,Vivian,Lewis,unknown@example.com,Manager,0000000000,2011-09-07
E00013,Elena,Vang,unknown@example.com,Analyst,0000000000,2019-02-19
E04265,Natalia,Diaz,unknown@example.com,Operations Engineer,0000000000,2006-10-12
E04769,Mila,Leung,unknown@example.com,Sr. Analyst,0000000000,2007-11-05
E03042,Ava,Nelson,unknown@example.com,Systems Analyst,0000000000,1992-04-01
E00527,Mateo,Chu,unknown@example.com,Field Engineer,0000000000,2020-04-16
E01095,Isla,Lai,unknown@example.com,Vice President,0000000000,2011-12-06
E03131,Ezekiel,Reed,unknown@example.com,Sr. Manger,0000000000,2014-02-25
E01713,Nolan,Guzman,unknown@example.com,Field Engineer,0000000000,1999-06-20
E00128,Everleigh,Espinoza,unknown@example.com,Director,0000000000,2018-01-22
E03849,Evelyn,Jung,unknown@example.com,Analyst,0000000000,2021-02-14
E02464,Sophie,Silva,unknown@example.com,Vice President,0000000000,2017-07-06
E00306,Mateo,Williams,unknown@example.com,Enterprise Architect,0000000000,2011-01-22
E03737,Kennedy,Rahman,unknown@example.com,Vice President,0000000000,2003-02-28
E02783,Levi,Mendez,unknown@example.com,Vice President,0000000000,2011-08-23
E02939,Julian,Fong,unknown@example.com,Quality Engineer,0000000000,2002-11-22
E02706,Nevaeh,Kang,unknown@example.com,Automation Engineer,0000000000,2021-01-10
E00170,Hannah,Nelson,unknown@example.com,Sr. Analyst,0000000000,2019-09-07
E01425,Anthony,Rogers,unknown@example.com,Vice President,0000000000,2015-06-18
E00130,Paisley,Kang,unknown@example.com,Vice President,0000000000,2017-03-10
E02094,Matthew,Gupta,unknown@example.com,Network Engineer,0000000000,2005-09-18
E03567,Silas,Chavez,unknown@example.com,Technical Architect,0000000000,2008-04-15
E04682,Colton,Thao,unknown@example.com,Manager,0000000000,1995-11-16
E00957,Genesis,Perry,unknown@example.com,Sr. Manger,0000000000,2013-07-18
E04458,Alexander,Bryant,unknown@example.com,Field Engineer,0000000000,2021-10-02
E01499,Elias,Zhang,unknown@example.com,Solutions Architect,0000000000,2013-07-13
E00521,Lily,Carter,unknown@example.com,Network Architect,0000000000,1998-05-18
E03717,Joseph,Ruiz,unknown@example.com,Field Engineer,0000000000,2002-02-26
E01533,Avery,Bailey,unknown@example.com,Sr. Analyst,0000000000,1996-05-15
E04449,Miles,Hsu,unknown@example.com,Analyst II,0000000000,2014-03-16
E02855,Piper,Cheng,unknown@example.com,Enterprise Architect,0000000000,2009-03-15
E00816,Skylar,Watson,unknown@example.com,Network Architect,0000000000,2021-10-08
E02283,Jaxon,Park,unknown@example.com,Network Architect,0000000000,2020-07-24
E04888,Elijah,Henry,unknown@example.com,Manager,0000000000,2014-01-03
E03907,Camila,Watson,unknown@example.com,Vice President,0000000000,2018-01-02
E02166,Lucas,Thomas,unknown@example.com,Manager,0000000000,2000-04-28
E00431,Skylar,Doan,unknown@example.com,Sr. Business Partner,0000000000,1994-08-21
E01501,Hudson,Liu,unknown@example.com,Engineering Manager,0000000000,2017-11-16
E01141,Gianna,Williams,unknown@example.com,Quality Engineer,0000000000,2021-01-28
E02254,Jaxson,Sandoval,unknown@example.com,Sr. Analyst,0000000000,2017-05-03
E04504,Jameson,Alvarado,unknown@example.com,Enterprise Architect,0000000000,1999-03-14
E03394,Joseph,Ly,unknown@example.com,Vice President,0000000000,2009-02-28
E02942,Daniel,Richardson,unknown@example.com,Director,0000000000,2018-05-20
E04130,Elias,Figueroa,unknown@example.com,Sr. Manger,0000000000,2021-12-24
E02848,Emma,Brooks,unknown@example.com,Sr. Account Representative,0000000000,2016-12-18
E00085,Isla,Wong,unknown@example.com,Vice President,0000000000,2014-03-16
E03956,Everly,Walker,unknown@example.com,Sr. Manger,0000000000,1999-08-02
E00672,Mila,Pena,unknown@example.com,Sr. Business Partner,0000000000,2007-12-21
E04618,Mason,Zhao,unknown@example.com,Technical Architect,0000000000,2021-10-26
E03506,Jaxson,Mai,unknown@example.com,Vice President,0000000000,2014-03-08
E00568,Ava,Garza,unknown@example.com,Director,0000000000,2018-06-25
E00535,Nathan,Mendez,unknown@example.com,Manager,0000000000,2006-10-31
E04630,Maria,Griffin,unknown@example.com,Manager,0000000000,2007-04-25
E00874,Alexander,Choi,unknown@example.com,Manager,0000000000,1994-09-18
E01546,Maria,Hong,unknown@example.com,Vice President,0000000000,2005-07-31
E00941,Sophie,Ali,unknown@example.com,Analyst,0000000000,2002-03-28
E03446,Julian,Ross,unknown@example.com,Manager,0000000000,2020-07-02
E01361,Emma,Hill,unknown@example.com,IT Coordinator,0000000000,2016-12-27
E01631,Leilani,Yee,unknown@example.com,Sr. Analyst,0000000000,2017-07-12
E03719,Jack,Brown,unknown@example.com,Analyst,0000000000,2004-12-07
E03269,Charlotte,Chu,unknown@example.com,Network Engineer,0000000000,2001-01-23
E01037,Jeremiah,Chu,unknown@example.com,IT Systems Architect,0000000000,2020-09-12
E00671,Miles,Cho,unknown@example.com,Systems Analyst,0000000000,1999-03-10
E02216,Caleb,Marquez,unknown@example.com,IT Systems Architect,0000000000,2019-10-15
E02803,Eli,Soto,unknown@example.com,Analyst,0000000000,2016-05-02
E01584,Carter,Mejia,unknown@example.com,Sr. Manger,0000000000,2019-05-09
E02489,Ethan,Clark,unknown@example.com,Sr. Business Partner,0000000000,2017-08-04
E03189,Asher,Jackson,unknown@example.com,Sr. Manger,0000000000,2003-03-25
E03560,Ayla,Ng,unknown@example.com,Account Representative,0000000000,2004-03-20
E00769,Jose,Kang,unknown@example.com,Engineering Manager,0000000000,1999-04-25
E02791,Aubrey,Romero,unknown@example.com,Director,0000000000,1998-04-02
E02333,Jaxson,Wright,unknown@example.com,Service Desk Analyst,0000000000,2010-12-28
E01002,Elias,Ali,unknown@example.com,Manager,0000000000,2021-03-19
E03520,Nolan,Pena,unknown@example.com,Analyst,0000000000,2018-06-21
E00752,Luna,Liu,unknown@example.com,Vice President,0000000000,2014-02-22
E00233,Brooklyn,Reyes,unknown@example.com,Service Desk Analyst,0000000000,2019-12-19
E02639,Hadley,Parker,unknown@example.com,Vice President,0000000000,2016-09-21
E00697,Jonathan,Chavez,unknown@example.com,System Administrator ,0000000000,2017-05-11
E02183,Sarah,Ayala,unknown@example.com,Analyst,0000000000,2015-06-09
E00715,Elijah,Kang,unknown@example.com,Vice President,0000000000,2011-10-10
E04288,Ella,White,unknown@example.com,Development Engineer,0000000000,2020-01-20
E02421,Jordan,Truong,unknown@example.com,Director,0000000000,2014-08-28
E00523,Daniel,Jordan,unknown@example.com,Network Administrator,0000000000,1993-07-26
E03615,Daniel,Dixon,unknown@example.com,Operations Engineer,0000000000,1999-10-09
E02761,Luca,Duong,unknown@example.com,Manager,0000000000,2004-06-30
E02121,Levi,Brown,unknown@example.com,Sr. Analyst,0000000000,2021-12-26
E01486,Mason,Cho,unknown@example.com,Vice President,0000000000,2011-05-18
E00725,Nova,Herrera,unknown@example.com,Account Representative,0000000000,2014-05-10
E03027,Elijah,Watson,unknown@example.com,Sr. Manger,0000000000,2017-03-16
E03689,Wesley,Gray,unknown@example.com,Sr. Analyst,0000000000,2003-04-22
E01986,Wesley,Sharma,unknown@example.com,Manager,0000000000,1994-02-23
E01286,Mateo,Mendez,unknown@example.com,Development Engineer,0000000000,1998-07-14
E01409,Jose,Molina,unknown@example.com,Controls Engineer,0000000000,2008-02-28
E00626,Luna,Simmons,unknown@example.com,Sr. Analyst,0000000000,2020-09-04
E04342,Samantha,Barnes,unknown@example.com,Vice President,0000000000,2017-01-05
E03904,Hunter,Ortiz,unknown@example.com,Sr. Analyst,0000000000,2013-01-20
E01291,Thomas,Aguilar,unknown@example.com,Sr. Account Representative,0000000000,2021-02-10
E00917,Skylar,Bell,unknown@example.com,Vice President,0000000000,2018-03-06
E01484,Anna,Zhu,unknown@example.com,Service Desk Analyst,0000000000,2003-08-22
E03864,Ella,Hunter,unknown@example.com,Analyst,0000000000,2017-01-18
E00488,Emery,Hunter,unknown@example.com,Sr. Analyst,0000000000,2021-07-03
E02227,Sofia,Parker,unknown@example.com,Cloud Infrastructure Architect,0000000000,2014-05-30
E04802,Lucy,Fong,unknown@example.com,Sr. Account Representative,0000000000,2011-01-20
E01970,Vivian,Barnes,unknown@example.com,Director,0000000000,2021-03-28
E02813,Kai,Chow,unknown@example.com,Engineering Manager,0000000000,2001-04-12
E02031,Melody,Cooper,unknown@example.com,Development Engineer,0000000000,2009-09-04
E03252,James,Bui,unknown@example.com,Manager,0000000000,1998-07-20
E04871,Liam,Grant,unknown@example.com,Sr. Business Partner,0000000000,2015-03-15
E03547,Owen,Han,unknown@example.com,Analyst,0000000000,2017-05-12
E04742,Kinsley,Vega,unknown@example.com,Vice President,0000000000,2020-12-16
E01070,Leonardo,Martin,unknown@example.com,Manager,0000000000,1995-02-16
E04359,Greyson,Lam,unknown@example.com,Vice President,0000000000,2021-02-08
E03268,Emilia,Rivera,unknown@example.com,Test Engineer,0000000000,2017-11-23
E04035,Penelope,Johnson,unknown@example.com,Sr. Analyst,0000000000,2012-06-25
E01221,Eva,Figueroa,unknown@example.com,Analyst II,0000000000,2014-05-14
E00276,Ezekiel,Jordan,unknown@example.com,Sr. Manger,0000000000,2013-02-10
E01687,Luke,Mai,unknown@example.com,HRIS Analyst,0000000000,2007-10-24
E02844,Charles,Diaz,unknown@example.com,Sr. Manger,0000000000,2013-11-16
E01263,Adam,Espinoza,unknown@example.com,Test Engineer,0000000000,2009-04-09
E00119,Jack,Maldonado,unknown@example.com,Director,0000000000,2020-08-26
E03935,Cora,Jiang,unknown@example.com,Vice President,0000000000,2008-04-30
E00742,Cooper,Mitchell,unknown@example.com,Manager,0000000000,2006-01-31
E02810,Layla,Torres,unknown@example.com,Sr. Manger,0000000000,2013-02-24
E01860,Jack,Edwards,unknown@example.com,Manager,0000000000,2008-04-06
E04890,Eleanor,Chan,unknown@example.com,Sr. Manger,0000000000,2001-04-02
E02285,Aria,Xi,unknown@example.com,Director,0000000000,2002-03-01
E00842,John,Vega,unknown@example.com,Vice President,0000000000,2004-01-18
E01271,Luke,Munoz,unknown@example.com,Director,0000000000,2017-08-25
E01921,Sarah,Daniels,unknown@example.com,Sr. Manger,0000000000,2011-01-09
E03664,Aria,Castro,unknown@example.com,Engineering Manager,0000000000,2014-03-14
E00813,Autumn,Joseph,unknown@example.com,Enterprise Architect,0000000000,2018-05-09
E00870,Evelyn,Liang,unknown@example.com,Service Desk Analyst,0000000000,2013-06-26
E04167,Henry,Alvarez,unknown@example.com,Sr. Business Partner,0000000000,2005-04-12
E00245,Benjamin,Delgado,unknown@example.com,Test Engineer,0000000000,1992-09-28
E00976,Zoe,Rodriguez,unknown@example.com,Director,0000000000,2004-05-23
E04112,Axel,Chu,unknown@example.com,Systems Analyst,0000000000,2018-05-04
E01807,Cameron,Evans,unknown@example.com,Test Engineer,0000000000,2018-12-13
E04103,Isabella,Soto,unknown@example.com,Vice President,0000000000,2021-12-15
E01412,Eva,Jenkins,unknown@example.com,Sr. Manger,0000000000,2004-11-10
E04386,Cameron,Powell,unknown@example.com,Business Partner,0000000000,2004-08-20
E01232,Samantha,Foster,unknown@example.com,Vice President,0000000000,2019-07-27
E04572,Jade,Li,unknown@example.com,Director,0000000000,2012-10-26
E02747,Kinsley,Acosta,unknown@example.com,Vice President,0000000000,2020-07-22
E01064,Clara,Kang,unknown@example.com,Sr. Manger,0000000000,2017-03-25
E00178,Harper,Alexander,unknown@example.com,Sr. Analyst,0000000000,2019-10-14
E01091,Carter,Reed,unknown@example.com,Development Engineer,0000000000,2005-07-07
E01525,Charlotte,Ruiz,unknown@example.com,Computer Systems Manager,0000000000,2017-10-02
E01309,Everleigh,Jiang,unknown@example.com,Director,0000000000,2003-05-14
E02378,Audrey,Smith,unknown@example.com,Field Engineer,0000000000,1995-10-27
E04127,Emery,Acosta,unknown@example.com,Vice President,0000000000,2013-09-11
E02072,Charles,Robinson,unknown@example.com,HRIS Analyst,0000000000,2021-03-12
E02555,Landon,Lopez,unknown@example.com,Sr. Analyst,0000000000,2008-07-05
E00187,Miles,Mehta,unknown@example.com,Director,0000000000,1996-05-02
E04332,Ezra,Simmons,unknown@example.com,Automation Engineer,0000000000,2010-07-01
E02062,Nora,Santiago,unknown@example.com,Analyst,0000000000,1996-06-26
E00034,Caroline,Herrera,unknown@example.com,Sr. Manger,0000000000,2004-08-19
E00273,David,Owens,unknown@example.com,Sr. Analyst,0000000000,2004-04-16
E00691,Avery,Yee,unknown@example.com,Systems Analyst,0000000000,2016-05-22
E01403,Xavier,Park,unknown@example.com,Vice President,0000000000,2020-11-08
E03438,Asher,Morales,unknown@example.com,Automation Engineer,0000000000,2020-07-10
E04136,Mason,Cao,unknown@example.com,Analyst II,0000000000,2017-09-14
E02944,Joshua,Fong,unknown@example.com,Vice President,0000000000,2012-06-11
E03300,Maria,Chin,unknown@example.com,Analyst,0000000000,2013-09-26
E00078,Eva,Garcia,unknown@example.com,HRIS Analyst,0000000000,2021-04-11
E00825,Anna,Molina,unknown@example.com,Sr. Analyst,0000000000,2016-06-12
E04972,Logan,Bryant,unknown@example.com,Sr. Manger,0000000000,2020-07-18
E03941,Isla,Han,unknown@example.com,Technical Architect,0000000000,2005-06-18
E02148,Christopher,Vega,unknown@example.com,Engineering Manager,0000000000,2007-10-27
E02252,Lillian,Park,unknown@example.com,Analyst,0000000000,2021-02-24
E03096,Kennedy,Zhang,unknown@example.com,Director,0000000000,2000-10-27
E04800,Eli,Han,unknown@example.com,Sr. Analyst,0000000000,2016-01-15
E02838,Julia,Pham,unknown@example.com,Engineering Manager,0000000000,2006-03-16
E02980,Hailey,Shin,unknown@example.com,Director,0000000000,2016-10-24
E04477,Connor,Grant,unknown@example.com,Sr. Analyst,0000000000,2021-10-13
E04348,Natalia,Owens,unknown@example.com,Manager,0000000000,2021-01-18
E01638,Maria,He,unknown@example.com,IT Systems Architect,0000000000,2010-08-28
E03419,Jade,Yi,unknown@example.com,Account Representative,0000000000,2015-07-10
E04222,Quinn,Xiong,unknown@example.com,Test Engineer,0000000000,2013-09-08
E04126,Dominic,Baker,unknown@example.com,Sr. Analyst,0000000000,2020-10-09
E01896,Adam,Nelson,unknown@example.com,Director,0000000000,2020-01-14
E03018,Autumn,Reed,unknown@example.com,Development Engineer,0000000000,2017-09-17
E03325,Robert,Edwards,unknown@example.com,HRIS Analyst,0000000000,2004-10-11
E04037,Roman,Martinez,unknown@example.com,Sr. Manger,0000000000,2015-09-19
E01902,Eleanor,Li,unknown@example.com,Sr. Manger,0000000000,2003-12-07
E01466,Connor,Vang,unknown@example.com,Analyst,0000000000,2021-07-28
E02038,Ellie,Chung,unknown@example.com,Sr. Manger,0000000000,2008-08-29
E03474,Violet,Hall,unknown@example.com,Solutions Architect,0000000000,2010-12-10
E02744,Dylan,Padilla,unknown@example.com,HRIS Analyst,0000000000,2015-12-09
E00702,Nathan,Pham,unknown@example.com,Sr. Manger,0000000000,2006-12-12
E03081,Ayla,Brown,unknown@example.com,Sr. Manger,0000000000,2013-04-15
E01281,Isaac,Mitchell,unknown@example.com,Network Architect,0000000000,2005-06-10
E04029,Jayden,Jimenez,unknown@example.com,Manager,0000000000,2011-09-24
E01116,Jaxon,Tran,unknown@example.com,Sr. Manger,0000000000,2007-09-07
E01753,Connor,Fong,unknown@example.com,Manager,0000000000,2018-02-16
E04072,Emery,Mitchell,unknown@example.com,Vice President,0000000000,2018-06-02
E00672,Landon,Luu,unknown@example.com,Vice President,0000000000,2015-07-12
E04419,Sophia,Ahmed,unknown@example.com,Sr. Manger,0000000000,2015-06-13
E00467,Sofia,Dinh,unknown@example.com,Operations Engineer,0000000000,1995-08-04
E00365,Jonathan,Patel,unknown@example.com,Manager,0000000000,2020-02-02
E00306,Piper,Patterson,unknown@example.com,Quality Engineer,0000000000,2019-06-19
E03292,Cora,Evans,unknown@example.com,Computer Systems Manager,0000000000,2018-03-26
E04779,Cameron,Young,unknown@example.com,Vice President,0000000000,2016-01-18
E00501,Melody,Ho,unknown@example.com,Analyst II,0000000000,2007-12-02
E01132,Aiden,Bryant,unknown@example.com,Account Representative,0000000000,2002-10-21
E00556,Grayson,Walker,unknown@example.com,Director,0000000000,2017-02-19
E00311,Scarlett,Figueroa,unknown@example.com,Business Partner,0000000000,2016-10-21
E04567,Madeline,Hoang,unknown@example.com,Systems Analyst,0000000000,2019-10-25
E04378,Ezra,Simmons,unknown@example.com,Network Administrator,0000000000,2016-05-07
E03251,Ruby,Medina,unknown@example.com,Director,0000000000,2018-12-18
E03167,Luke,Zheng,unknown@example.com,Director,0000000000,2006-11-28
E03347,Rylee,Dinh,unknown@example.com,Development Engineer,0000000000,2017-02-10
E03908,Miles,Evans,unknown@example.com,Network Architect,0000000000,1994-10-24
E01351,Leo,Owens,unknown@example.com,Systems Analyst,0000000000,2020-04-23
E02681,Caroline,Owens,unknown@example.com,Director,0000000000,2021-07-26
E03807,Kennedy,Do,unknown@example.com,Computer Systems Manager,0000000000,2005-10-15
E00422,Jade,Acosta,unknown@example.com,Development Engineer,0000000000,2015-08-29
E00265,Mila,Vasquez,unknown@example.com,Quality Engineer,0000000000,1998-07-16
E04601,Allison,Ayala,unknown@example.com,Analyst,0000000000,2009-06-30
E04816,Jace,Zhang,unknown@example.com,Service Desk Analyst,0000000000,2017-02-14
E02147,Allison,Medina,unknown@example.com,Manager,0000000000,2010-04-29
E02914,Maria,Wilson,unknown@example.com,Vice President,0000000000,1996-06-14
E03268,Everly,Coleman,unknown@example.com,Vice President,0000000000,2015-02-18
E03972,Jordan,Gomez,unknown@example.com,Sr. Analyst,0000000000,1994-09-15
E02189,Isla,Chavez,unknown@example.com,Account Representative,0000000000,2018-05-19
E04290,Hannah,Gomez,unknown@example.com,Technical Architect,0000000000,2021-05-11
E03630,Jacob,Davis,unknown@example.com,Director,0000000000,2016-09-03
E00432,Eli,Gupta,unknown@example.com,Director,0000000000,2012-05-19
E03045,Andrew,Huynh,unknown@example.com,Business Partner,0000000000,1997-04-28
E01924,Anna,Gutierrez,unknown@example.com,Director,0000000000,2003-04-15
E04877,Samuel,Vega,unknown@example.com,Analyst II,0000000000,2013-03-30
E02770,Liliana,Do,unknown@example.com,Service Desk Analyst,0000000000,2019-03-29
E04590,Isaac,Sanders,unknown@example.com,HRIS Analyst,0000000000,2001-03-29
E01977,Raelynn,Gupta,unknown@example.com,Sr. Manger,0000000000,2001-09-10
E01378,Genesis,Xiong,unknown@example.com,System Administrator ,0000000000,2012-02-25
E04224,Lucas,Ramos,unknown@example.com,Sr. Business Partner,0000000000,1998-01-21
E03423,Santiago,f Gonzalez,unknown@example.com,Manager,0000000000,2012-07-26
E01584,Henry,Zhu,unknown@example.com,Vice President,0000000000,2021-08-25
E00788,Emily,Contreras,unknown@example.com,Analyst II,0000000000,1992-06-15
E00207,Hailey,Lai,unknown@example.com,Vice President,0000000000,2012-07-23
E00834,Vivian,Guzman,unknown@example.com,Analyst II,0000000000,2002-02-09
E04571,Hadley,Contreras,unknown@example.com,Director,0000000000,2017-01-04
E02652,Nathan,Sun,unknown@example.com,Manager,0000000000,2015-07-29
E02693,Grace,Campos,unknown@example.com,Director,0000000000,2008-03-21
E03359,Autumn,Ortiz,unknown@example.com,Field Engineer,0000000000,2017-12-17
E00399,Connor,Walker,unknown@example.com,Analyst II,0000000000,2019-03-18
E02971,Mia,Wu,unknown@example.com,Enterprise Architect,0000000000,2013-08-25
E03327,Julia,Luong,unknown@example.com,Sr. Manger,0000000000,2006-06-20
E00900,Eleanor,Delgado,unknown@example.com,Sr. Analyst,0000000000,2014-04-27
E00836,Addison,Roberts,unknown@example.com,Network Architect,0000000000,2018-05-14
E03854,Camila,Li,unknown@example.com,Sr. Manger,0000000000,2010-07-24
E04729,Ezekiel,Fong,unknown@example.com,Vice President,0000000000,2004-02-25
E00360,Dylan,Thao,unknown@example.com,Director,0000000000,2012-10-22
E02284,Josephine,Salazar,unknown@example.com,Field Engineer,0000000000,2016-03-14
E00181,Genesis,Hu,unknown@example.com,Sr. Analyst,0000000000,2002-01-15
E04168,Mila,Juarez,unknown@example.com,Manager,0000000000,2017-09-21
E02861,Daniel,Perry,unknown@example.com,Enterprise Architect,0000000000,2001-04-15
E01357,Paisley,Hunter,unknown@example.com,Engineering Manager,0000000000,2010-01-15
E04387,Everleigh,White,unknown@example.com,Network Architect,0000000000,2017-10-20
E03090,Penelope,Choi,unknown@example.com,Technical Architect,0000000000,2010-09-10
E03591,Piper,Sun,unknown@example.com,Director,0000000000,2011-02-14
E03328,Lucy,Johnson,unknown@example.com,Manager,0000000000,2020-04-27
E04937,Ian,Ngo,unknown@example.com,Manager,0000000000,2014-08-07
E00515,Joseph,Vazquez,unknown@example.com,Sr. Manger,0000000000,2019-01-23
E01241,Hadley,Guerrero,unknown@example.com,Sr. Manger,0000000000,2004-01-14
E03255,Jose,Brown,unknown@example.com,System Administrator ,0000000000,2016-04-07
E01711,Benjamin,Ford,unknown@example.com,Analyst II,0000000000,2021-04-22
E00500,Henry,Shah,unknown@example.com,Director,0000000000,2010-06-11
E04972,Ivy,Daniels,unknown@example.com,Sr. Manger,0000000000,2008-10-26
E02728,Thomas,Chang,unknown@example.com,Sr. Analyst,0000000000,2011-07-26
E04749,Caroline,Phan,unknown@example.com,Sr. Manger,0000000000,2004-03-14
E02023,Maverick,Mehta,unknown@example.com,Systems Analyst,0000000000,2007-07-30
E03166,Austin,Edwards,unknown@example.com,IT Coordinator,0000000000,2006-09-24
E02599,Daniel,Huang,unknown@example.com,Vice President,0000000000,2015-09-03
E01014,Lucas,Phan,unknown@example.com,Director,0000000000,1999-02-19
E04529,Gabriel,Yu,unknown@example.com,Technical Architect,0000000000,2014-06-23
E00085,Mason,Watson,unknown@example.com,Sr. Manger,0000000000,2004-09-14
E00632,Angel,Chang,unknown@example.com,Network Architect,0000000000,2017-07-06
E02108,Madeline,Coleman,unknown@example.com,Sr. Manger,0000000000,2006-04-28
E03802,Thomas,Vazquez,unknown@example.com,Director,0000000000,2014-07-19
E03685,Silas,Hunter,unknown@example.com,Solutions Architect,0000000000,1998-05-04
E01089,Nicholas,Brooks,unknown@example.com,Analyst II,0000000000,2017-10-20
E03988,Dominic,Thomas,unknown@example.com,Analyst II,0000000000,2005-09-28
E00401,Wesley,Adams,unknown@example.com,System Administrator ,0000000000,2003-08-11
E03429,Ian,Wu,unknown@example.com,Sr. Analyst,0000000000,2012-04-14
E02417,Alice,Young,unknown@example.com,Automation Engineer,0000000000,2008-01-24
E00359,Logan,Carrillo,unknown@example.com,Sr. Analyst,0000000000,2014-11-30
E02044,Caroline,Alexander,unknown@example.com,Business Partner,0000000000,2020-09-18
E01479,Serenity,Bailey,unknown@example.com,IT Systems Architect,0000000000,2011-11-21
E04962,Elena,Tan,unknown@example.com,Vice President,0000000000,2008-10-13
E02769,Eliza,Adams,unknown@example.com,Account Representative,0000000000,2021-11-21
E03893,Alice,Xiong,unknown@example.com,Vice President,0000000000,2018-09-02
E00553,Isla,Yoon,unknown@example.com,Quality Engineer,0000000000,2013-05-10
E03540,Emma,Perry,unknown@example.com,Solutions Architect,0000000000,2018-01-22
E02769,Riley,Marquez,unknown@example.com,Sr. Manger,0000000000,2019-10-18
E03277,Caroline,Hu,unknown@example.com,Sr. Manger,0000000000,2019-08-18
E04194,Madison,Kumar,unknown@example.com,Director,0000000000,2010-10-17
E01807,Matthew,Lim,unknown@example.com,Sr. Analyst,0000000000,1994-02-18
E01762,Maya,Ngo,unknown@example.com,Manager,0000000000,2012-10-20
E02632,Alice,Soto,unknown@example.com,Analyst,0000000000,1995-04-13
E04226,Andrew,Moore,unknown@example.com,Operations Engineer,0000000000,2001-01-02
E04101,Olivia,Harris,unknown@example.com,Director,0000000000,2020-06-14
E01981,Genesis,Banks,unknown@example.com,Analyst,0000000000,2012-03-16
E02534,Victoria,Johnson,unknown@example.com,Sr. Manger,0000000000,2004-05-28
E01238,Eloise,Griffin,unknown@example.com,Director,0000000000,1995-10-29
E01118,Roman,Yang,unknown@example.com,Manager,0000000000,2009-12-12
E04041,Clara,Huynh,unknown@example.com,IT Coordinator,0000000000,2020-11-18
E04308,Kai,Flores,unknown@example.com,Development Engineer,0000000000,2017-05-23
E01052,Jaxson,Dinh,unknown@example.com,Sr. Manger,0000000000,2001-05-03
E04165,Sophie,Vang,unknown@example.com,Sr. Manger,0000000000,2021-09-14
E02295,Axel,Jordan,unknown@example.com,Analyst,0000000000,2013-02-28
E04546,Jade,Hunter,unknown@example.com,Cloud Infrastructure Architect,0000000000,2020-02-05
E04217,Lydia,Williams,unknown@example.com,System Administrator ,0000000000,2014-10-29
E00650,Emery,Chang,unknown@example.com,Business Partner,0000000000,2000-08-17
E00344,Savannah,He,unknown@example.com,Director,0000000000,1996-02-14
E04645,Elias,Ahmed,unknown@example.com,Vice President,0000000000,2017-08-04
E03880,Samantha,Woods,unknown@example.com,Analyst,0000000000,2019-12-25
E02730,Axel,Soto,unknown@example.com,Quality Engineer,0000000000,2005-04-22
E04517,Amelia,Choi,unknown@example.com,Manager,0000000000,2006-06-11
E00965,Jacob,Khan,unknown@example.com,Computer Systems Manager,0000000000,2008-02-09
E04639,Luna,Taylor,unknown@example.com,Network Administrator,0000000000,2018-07-28
E00465,Dominic,Parker,unknown@example.com,Test Engineer,0000000000,2011-10-04
E03058,Angel,Xiong,unknown@example.com,Vice President,0000000000,2015-06-11
E02337,Emma,Cao,unknown@example.com,Analyst,0000000000,2019-08-24
E04927,Ezekiel,Bryant,unknown@example.com,Sr. Analyst,0000000000,2002-07-19
E03799,Natalie,Hwang,unknown@example.com,Sr. Analyst,0000000000,1999-12-31
E04538,Adeline,Yang,unknown@example.com,Cloud Infrastructure Architect,0000000000,2011-07-20
E02633,Allison,Roberts,unknown@example.com,Vice President,0000000000,2000-08-19
E02965,Andrew,Do,unknown@example.com,Sr. Manger,0000000000,2021-04-17
E04345,Eliana,Grant,unknown@example.com,Engineering Manager,0000000000,1994-06-20
E02895,Mila,Soto,unknown@example.com,Director,0000000000,2008-10-07
E01132,Gabriella,Johnson,unknown@example.com,Computer Systems Manager,0000000000,2006-03-01
E00758,Jonathan,Khan,unknown@example.com,Account Representative,0000000000,2013-08-30
E03750,Elias,Dang,unknown@example.com,Director,0000000000,1995-08-29
E00144,Theodore,Ngo,unknown@example.com,Controls Engineer,0000000000,2018-04-29
E02943,Bella,Lopez,unknown@example.com,Sr. Analyst,0000000000,2013-11-12
E03901,Luca,Truong,unknown@example.com,Director,0000000000,2004-12-11
E03461,Nathan,Lau,unknown@example.com,Business Partner,0000000000,2011-02-22
E03490,Henry,Campos,unknown@example.com,Sr. Manger,0000000000,2009-09-27
E04466,Connor,Bell,unknown@example.com,Network Administrator,0000000000,2000-04-01
E03226,Angel,Stewart,unknown@example.com,Vice President,0000000000,2019-06-22
E04607,Landon,Brown,unknown@example.com,Vice President,0000000000,2020-09-27
E02678,Nicholas,Rivera,unknown@example.com,Director,0000000000,2007-04-13
E02190,Gabriel,Carter,unknown@example.com,Test Engineer,0000000000,2018-07-18
E00747,Leilani,Baker,unknown@example.com,Technical Architect,0000000000,2010-04-04
E00268,Ian,Flores,unknown@example.com,Director,0000000000,2019-12-10
E01416,Hudson,Thompson,unknown@example.com,Analyst II,0000000000,2020-10-20
E01524,Ian,Miller,unknown@example.com,Computer Systems Manager,0000000000,2016-10-13
E03849,Harper,Chin,unknown@example.com,Quality Engineer,0000000000,2002-07-09
E02801,Santiago,f Brooks,unknown@example.com,Sr. Manger,0000000000,2000-09-01
E04155,Dylan,Dominguez,unknown@example.com,Sr. Analyst,0000000000,2015-04-07
E01952,Everett,Lee,unknown@example.com,Network Administrator,0000000000,2010-02-26
E00116,Madelyn,Mehta,unknown@example.com,Analyst,0000000000,2005-01-28
E04811,Athena,Vasquez,unknown@example.com,Field Engineer,0000000000,2014-09-16
E00624,William,Watson,unknown@example.com,Director,0000000000,2013-06-04
E03404,Everleigh,Nunez,unknown@example.com,Field Engineer,0000000000,2021-02-05
E01845,Leo,Fernandez,unknown@example.com,Manager,0000000000,1998-04-28
E04784,Joshua,Lin,unknown@example.com,Technical Architect,0000000000,2016-02-05
E00145,Alexander,Rivera,unknown@example.com,Sr. Analyst,0000000000,2009-04-27
E00218,David,Desai,unknown@example.com,Vice President,0000000000,2016-11-22
E02185,Aubrey,Yoon,unknown@example.com,Sr. Business Partner,0000000000,2005-11-11
E01070,Grayson,Brown,unknown@example.com,Vice President,0000000000,2016-06-22
E03807,Noah,Chen,unknown@example.com,Sr. Manger,0000000000,2015-03-01
E00784,Ella,Nguyen,unknown@example.com,Service Desk Analyst,0000000000,2004-02-10
E04925,Athena,Jordan,unknown@example.com,System Administrator ,0000000000,2011-02-19
E04448,Adrian,Ruiz,unknown@example.com,Sr. Analyst,0000000000,2014-09-04
E04817,Zoe,Sanchez,unknown@example.com,Sr. Analyst,0000000000,2004-12-23
E00325,Jameson,Chen,unknown@example.com,Vice President,0000000000,2019-12-05
E00403,Liliana,Soto,unknown@example.com,Business Partner,0000000000,2010-10-12
E00436,Lincoln,Reyes,unknown@example.com,Computer Systems Manager,0000000000,1998-08-03
E04358,Grayson,Soto,unknown@example.com,Business Partner,0000000000,2015-08-03
E04662,Julia,Morris,unknown@example.com,Sr. Manger,0000000000,2008-10-18
E01496,Ava,Ortiz,unknown@example.com,Enterprise Architect,0000000000,2004-07-20
E01870,Carson,Chau,unknown@example.com,Director,0000000000,2007-10-12
E03971,Lillian,Chen,unknown@example.com,Sr. Manger,0000000000,2020-04-09
E03616,Josiah,Lewis,unknown@example.com,Manager,0000000000,2021-08-11
E00153,Claire,Jones,unknown@example.com,Field Engineer,0000000000,2019-03-12
E02313,Jeremiah,Lu,unknown@example.com,Network Architect,0000000000,2001-03-06
E02960,Nova,Hill,unknown@example.com,Sr. Analyst,0000000000,2018-03-10
E00096,Peyton,Cruz,unknown@example.com,Development Engineer,0000000000,2016-05-26
E02140,Naomi,Zhao,unknown@example.com,Vice President,0000000000,2021-09-22
E00826,Rylee,Bui,unknown@example.com,Analyst,0000000000,2011-12-22
E03881,Andrew,Reed,unknown@example.com,System Administrator ,0000000000,2019-06-17
E02604,Brooklyn,Collins,unknown@example.com,Sr. Manger,0000000000,2018-10-27
E02613,John,Jung,unknown@example.com,Sr. Analyst,0000000000,2018-03-12
E00864,Samantha,Aguilar,unknown@example.com,Manager,0000000000,2010-04-24
E01760,Madeline,Acosta,unknown@example.com,Sr. Account Representative,0000000000,2021-02-09
E03223,Ethan,Joseph,unknown@example.com,IT Coordinator,0000000000,2018-05-28
E01262,Miles,Mehta,unknown@example.com,Manager,0000000000,2018-05-19
E01075,Joshua,Juarez,unknown@example.com,Analyst II,0000000000,2015-05-05
E00364,Matthew,Howard,unknown@example.com,Director,0000000000,2021-10-17
E04108,Jade,Figueroa,unknown@example.com,Sr. Analyst,0000000000,2012-05-14
E02917,Everett,Morales,unknown@example.com,Solutions Architect,0000000000,2014-07-10
E03720,Genesis,Hunter,unknown@example.com,Manager,0000000000,1999-04-22
E03393,Henry,Figueroa,unknown@example.com,Sr. Manger,0000000000,2010-07-19
E02977,Nicholas,Song,unknown@example.com,Analyst II,0000000000,1999-05-23
E03371,Jack,Alexander,unknown@example.com,Vice President,0000000000,2006-05-29
E02531,Jameson,Foster,unknown@example.com,Analyst,0000000000,2021-07-18
E02473,Leonardo,Lo,unknown@example.com,Quality Engineer,0000000000,2021-11-15
E02468,Ella,Huang,unknown@example.com,Vice President,0000000000,2016-02-28
E01499,Liam,Jordan,unknown@example.com,Computer Systems Manager,0000000000,2020-08-08
E03697,Isaac,Woods,unknown@example.com,Manager,0000000000,2021-01-08
E00593,Luke,Wilson,unknown@example.com,Solutions Architect,0000000000,2016-05-24
E01103,Lyla,Alvarez,unknown@example.com,IT Systems Architect,0000000000,1994-08-30
E03889,Caleb,Flores,unknown@example.com,Manager,0000000000,2013-08-13
E01958,Angel,Lin,unknown@example.com,Network Administrator,0000000000,2020-12-24
E01870,Easton,Moore,unknown@example.com,Computer Systems Manager,0000000000,2013-05-23
E01167,Kinsley,Collins,unknown@example.com,Automation Engineer,0000000000,2018-11-14
E00099,Brooklyn,Salazar,unknown@example.com,IT Systems Architect,0000000000,2011-03-01
E00044,Scarlett,Jenkins,unknown@example.com,Vice President,0000000000,2011-11-09
E00711,Melody,Chin,unknown@example.com,Sr. Manger,0000000000,2006-10-15
E04795,Eloise,Alexander,unknown@example.com,Vice President,0000000000,2018-01-21
E03912,Carter,Turner,unknown@example.com,Sr. Analyst,0000000000,2015-11-17
E02103,Andrew,Ma,unknown@example.com,HRIS Analyst,0000000000,2017-09-24
E04213,Hailey,Xi,unknown@example.com,Manager,0000000000,2021-11-19
E04756,Aiden,Le,unknown@example.com,Cloud Infrastructure Architect,0000000000,1994-12-24
E04114,Christopher,Lim,unknown@example.com,Director,0000000000,2007-03-13
E01423,James,Castillo,unknown@example.com,Vice President,0000000000,2001-07-19
E03181,Greyson,Dang,unknown@example.com,Development Engineer,0000000000,2009-05-11
E03305,Hannah,King,unknown@example.com,Manager,0000000000,2014-10-07
E00703,Wesley,Dominguez,unknown@example.com,Engineering Manager,0000000000,2018-04-27
E04403,Dominic,Hu,unknown@example.com,Manager,0000000000,2012-02-13
E00103,Nora,Park,unknown@example.com,Director,0000000000,2017-06-28
E04487,Audrey,Hwang,unknown@example.com,Sr. Analyst,0000000000,2020-06-17
E01194,Ella,Jenkins,unknown@example.com,Analyst II,0000000000,2019-12-20
E02179,Peyton,Owens,unknown@example.com,Controls Engineer,0000000000,2014-09-25
E04242,Alice,Lopez,unknown@example.com,Test Engineer,0000000000,2009-06-27
E01371,Dominic,Le,unknown@example.com,Vice President,0000000000,2014-10-04
E03065,Ezra,Ortiz,unknown@example.com,Quality Engineer,0000000000,2012-01-21
E01377,Grayson,Luu,unknown@example.com,Quality Engineer,0000000000,2011-04-30
E03097,Brooks,Stewart,unknown@example.com,HRIS Analyst,0000000000,2015-12-19
E01668,Naomi,Xi,unknown@example.com,Director,0000000000,2002-02-17
E03354,Silas,Estrada,unknown@example.com,IT Systems Architect,0000000000,2016-06-24
E02088,Skylar,Ayala,unknown@example.com,Sr. Manger,0000000000,2017-02-06
E03980,Lydia,Huynh,unknown@example.com,Account Representative,0000000000,2000-08-16
E00972,Hazel,Cortez,unknown@example.com,HRIS Analyst,0000000000,2021-04-18
E00824,Everleigh,Adams,unknown@example.com,Analyst II,0000000000,2020-03-14
E04359,Layla,Salazar,unknown@example.com,Solutions Architect,0000000000,2014-03-19
E03113,Willow,Chen,unknown@example.com,Manager,0000000000,2012-09-03
E01488,Penelope,Griffin,unknown@example.com,Director,0000000000,2021-01-23
E01787,Lillian,Romero,unknown@example.com,Director,0000000000,2018-12-07
E03550,Stella,Wu,unknown@example.com,Sr. Manger,0000000000,2014-02-20
E01052,Parker,Vang,unknown@example.com,Analyst,0000000000,2016-12-17
E04799,Mila,Roberts,unknown@example.com,Sr. Business Partner,0000000000,2017-01-26
E03402,Isaac,Liu,unknown@example.com,Field Engineer,0000000000,1992-10-13
E04128,Jacob,Doan,unknown@example.com,Analyst II,0000000000,2021-08-02
E00013,Raelynn,Ma,unknown@example.com,Sr. Analyst,0000000000,2015-10-08
E03114,Jameson,Juarez,unknown@example.com,Development Engineer,0000000000,1994-10-09
E04004,Everleigh,Shah,unknown@example.com,Test Engineer,0000000000,2018-12-14
E04472,Alexander,Foster,unknown@example.com,Analyst II,0000000000,2020-07-03
E00161,Ryan,Ha,unknown@example.com,Vice President,0000000000,2007-01-27
E04417,Chloe,Salazar,unknown@example.com,Sr. Manger,0000000000,2011-05-22
E04536,Layla,Scott,unknown@example.com,Sr. Manger,0000000000,2010-07-30
E02534,Leah,Khan,unknown@example.com,Director,0000000000,2010-09-13
E02857,Mason,Jimenez,unknown@example.com,Sr. Manger,0000000000,2019-08-08
E03059,Hailey,Dang,unknown@example.com,Manager,0000000000,2019-09-21
E02477,Amelia,Bui,unknown@example.com,Director,0000000000,2020-10-21
E00022,Elena,Her,unknown@example.com,Account Representative,0000000000,2006-09-17
E03370,Ian,Cortez,unknown@example.com,Analyst II,0000000000,2008-04-30
E00555,Christian,Ali,unknown@example.com,Analyst II,0000000000,2001-10-17
E03160,Carter,Ortiz,unknown@example.com,Quality Engineer,0000000000,2012-04-29
E03919,Grayson,Chan,unknown@example.com,Engineering Manager,0000000000,2011-10-20
E01724,Nolan,Molina,unknown@example.com,Computer Systems Manager,0000000000,2020-12-27
E04087,Adam,Kaur,unknown@example.com,Manager,0000000000,2000-01-29
E02856,Amelia,Kaur,unknown@example.com,Operations Engineer,0000000000,2015-11-14
E03805,Autumn,Gonzales,unknown@example.com,Analyst II,0000000000,2012-06-06
E00319,Ezra,Wilson,unknown@example.com,Service Desk Analyst,0000000000,2013-10-18
E01090,Jacob,Cheng,unknown@example.com,Quality Engineer,0000000000,2009-12-23
E04323,Melody,Valdez,unknown@example.com,Director,0000000000,2021-01-25
E02687,Caroline,Nelson,unknown@example.com,Vice President,0000000000,2014-01-11
E01407,Ellie,Guerrero,unknown@example.com,Sr. Manger,0000000000,2020-07-13
E02748,Genesis,Zhu,unknown@example.com,Director,0000000000,2020-07-20
E01995,Jonathan,Ho,unknown@example.com,Vice President,0000000000,2011-06-25
E01714,Savannah,Park,unknown@example.com,HRIS Analyst,0000000000,2009-01-28
E04491,Nathan,Chan,unknown@example.com,Cloud Infrastructure Architect,0000000000,2000-03-02
E01076,Sofia,Vu,unknown@example.com,Sr. Manger,0000000000,2017-09-05
E04131,Ruby,Choi,unknown@example.com,Analyst,0000000000,2018-12-06
E02843,Lily,Pena,unknown@example.com,Manager,0000000000,2010-02-24
E03758,Liam,Zhang,unknown@example.com,Director,0000000000,2021-09-15
E02063,Ian,Gutierrez,unknown@example.com,Sr. Business Partner,0000000000,2021-04-09
E00638,David,Simmons,unknown@example.com,Manager,0000000000,1997-01-26
E03571,Lincoln,Henderson,unknown@example.com,Business Partner,0000000000,2021-06-27
E01820,Nathan,Miller,unknown@example.com,Quality Engineer,0000000000,2019-05-28
E01712,James,Singh,unknown@example.com,Director,0000000000,2008-03-12
E00184,Kayden,Ortega,unknown@example.com,Analyst,0000000000,2010-04-19
E02706,Lucy,Figueroa,unknown@example.com,Sr. Manger,0000000000,2016-01-10
E02899,Joshua,Cortez,unknown@example.com,Sr. Manger,0000000000,2007-08-11
E02478,Alexander,Morris,unknown@example.com,Manager,0000000000,2013-06-21
E04170,Grayson,Chin,unknown@example.com,Vice President,0000000000,2020-05-09
E00929,Allison,Espinoza,unknown@example.com,Solutions Architect,0000000000,2020-04-16
E00530,Naomi,Chu,unknown@example.com,Sr. Manger,0000000000,2004-02-29
E03824,Jameson,Martin,unknown@example.com,Technical Architect,0000000000,2008-02-15
E02492,Sebastian,Gupta,unknown@example.com,Sr. Analyst,0000000000,2014-09-22
E01733,Eloise,Pham,unknown@example.com,Manager,0000000000,2011-10-20
E02857,Valentina,Davis,unknown@example.com,Analyst,0000000000,2014-04-13
E04938,Brooklyn,Daniels,unknown@example.com,Analyst,0000000000,2003-02-10
E04952,Paisley,Gomez,unknown@example.com,Sr. Analyst,0000000000,2007-10-02
E02420,Madison,Li,unknown@example.com,Director,0000000000,2017-03-06
E01639,Everleigh,Simmons,unknown@example.com,Analyst,0000000000,2021-04-16
E03947,Logan,Soto,unknown@example.com,Vice President,0000000000,2018-08-18
E04535,Charlotte,Vo,unknown@example.com,System Administrator ,0000000000,2014-01-10
E00380,Alice,Thompson,unknown@example.com,Vice President,0000000000,2007-04-25
E01432,Peyton,Garza,unknown@example.com,Systems Analyst,0000000000,2004-08-15
E02628,Nora,Nelson,unknown@example.com,Analyst II,0000000000,2007-01-09
E03578,Maverick,Li,unknown@example.com,Analyst II,0000000000,2018-03-10
E03563,Ian,Barnes,unknown@example.com,Operations Engineer,0000000000,2020-06-08
E02781,Athena,Vu,unknown@example.com,Director,0000000000,2007-03-06
E04739,Ruby,Washington,unknown@example.com,Analyst,0000000000,2011-06-17
E02665,Bella,Butler,unknown@example.com,Sr. Manger,0000000000,2019-10-25
E04132,Kinsley,Henry,unknown@example.com,Director,0000000000,2008-02-29
E00276,Kennedy,Romero,unknown@example.com,Engineering Manager,0000000000,2018-12-27
E04277,Zoe,Do,unknown@example.com,Analyst II,0000000000,2014-01-08
E03890,Everett,Khan,unknown@example.com,Solutions Architect,0000000000,2017-01-18
E02012,Anna,Han,unknown@example.com,System Administrator ,0000000000,2003-05-08
E02881,Leilani,Sharma,unknown@example.com,Sr. Analyst,0000000000,2014-01-23
E03750,Jordan,Cho,unknown@example.com,Analyst II,0000000000,2018-08-24
E00605,Nova,Williams,unknown@example.com,Manager,0000000000,2010-04-25
E04641,Scarlett,Hill,unknown@example.com,Director,0000000000,2018-04-22
E01019,Dominic,Scott,unknown@example.com,Sr. Analyst,0000000000,2011-03-16
E01519,Anthony,Marquez,unknown@example.com,Vice President,0000000000,2009-08-15
E03694,Elena,Patterson,unknown@example.com,Vice President,0000000000,2018-11-09
E01123,Madison,Nelson,unknown@example.com,Director,0000000000,2021-07-16
E01366,William,Walker,unknown@example.com,Computer Systems Manager,0000000000,2019-02-24
E04005,Lincoln,Wong,unknown@example.com,Sr. Analyst,0000000000,2019-06-07
E02770,James,Huang,unknown@example.com,Manager,0000000000,1997-03-11
E04018,Emery,Ford,unknown@example.com,Analyst II,0000000000,2017-04-18
E01591,Paisley,Trinh,unknown@example.com,Technical Architect,0000000000,1992-05-04
E04940,Hudson,Williams,unknown@example.com,Vice President,0000000000,2018-03-19
E03465,Harper,Phan,unknown@example.com,Analyst II,0000000000,2016-12-07
E03870,Madeline,Allen,unknown@example.com,Cloud Infrastructure Architect,0000000000,2020-02-03
E01927,Charles,Moore,unknown@example.com,Technical Architect,0000000000,2016-02-16
E03064,Lincoln,Fong,unknown@example.com,Analyst II,0000000000,2020-02-17
E01883,Isla,Guzman,unknown@example.com,Sr. Manger,0000000000,2019-07-06
E03984,Hailey,Foster,unknown@example.com,Controls Engineer,0000000000,2021-03-21
E00446,Hudson,Hill,unknown@example.com,Sr. Analyst,0000000000,2019-11-04
E02825,Wyatt,Li,unknown@example.com,Vice President,0000000000,2013-06-03
E04174,Maverick,Henry,unknown@example.com,Computer Systems Manager,0000000000,2019-07-10
E01899,Xavier,Jackson,unknown@example.com,Vice President,0000000000,2002-06-11
E02562,Christian,Medina,unknown@example.com,Analyst,0000000000,2007-06-19
E01006,Autumn,Leung,unknown@example.com,Vice President,0000000000,2021-11-15
E02903,Robert,Vazquez,unknown@example.com,System Administrator ,0000000000,2021-09-26
E03642,Aria,Roberts,unknown@example.com,Manager,0000000000,2015-08-12
E02884,Axel,Johnson,unknown@example.com,Director,0000000000,2015-04-14
E00701,Madeline,Garcia,unknown@example.com,Sr. Business Partner,0000000000,2019-04-26
E04720,Christopher,Chung,unknown@example.com,Controls Engineer,0000000000,2021-12-18
E01985,Eliana,Turner,unknown@example.com,Account Representative,0000000000,2000-09-29
E03273,Daniel,Shah,unknown@example.com,Analyst II,0000000000,2010-06-04
E02415,Penelope,Gonzalez,unknown@example.com,Sr. Analyst,0000000000,1994-10-16
E02877,Mila,Allen,unknown@example.com,Controls Engineer,0000000000,2015-10-14
E00091,Emilia,Chu,unknown@example.com,Analyst II,0000000000,2003-06-24
E02563,Emily,Clark,unknown@example.com,Vice President,0000000000,2020-01-13
E04221,Roman,King,unknown@example.com,Analyst II,0000000000,2007-08-16
E04887,Emery,Do,unknown@example.com,Account Representative,0000000000,2018-03-16
E03170,Autumn,Thao,unknown@example.com,Account Representative,0000000000,2017-09-26
E01636,Naomi,Coleman,unknown@example.com,Manager,0000000000,2016-11-02
E01387,Cora,Zheng,unknown@example.com,Director,0000000000,2018-01-03
E01363,Ayla,Daniels,unknown@example.com,Technical Architect,0000000000,1997-04-23
E02249,Allison,Daniels,unknown@example.com,Manager,0000000000,2020-04-14
E02987,Mateo,Harris,unknown@example.com,Manager,0000000000,2017-08-05
E03655,Samantha,Rogers,unknown@example.com,Analyst,0000000000,2020-01-17
E04048,Julian,Lee,unknown@example.com,IT Systems Architect,0000000000,2003-01-17
E03626,Nicholas,Avila,unknown@example.com,Enterprise Architect,0000000000,2017-09-28
E03694,Hailey,Watson,unknown@example.com,Sr. Manger,0000000000,2017-01-20
E02920,Willow,Woods,unknown@example.com,Vice President,0000000000,2021-07-25
E03220,Alexander,Gonzales,unknown@example.com,Manager,0000000000,2018-06-04
E01347,Aiden,Gonzales,unknown@example.com,Vice President,0000000000,2021-03-28
E03968,Joshua,Chin,unknown@example.com,Sr. Manger,0000000000,2021-07-26
E04299,Paisley,Hall,unknown@example.com,Director,0000000000,2010-05-21
E01150,Allison,Leung,unknown@example.com,Sr. Analyst,0000000000,2020-05-18
E03774,Hannah,Mejia,unknown@example.com,Vice President,0000000000,1999-03-13
E01638,Elizabeth,Huang,unknown@example.com,Analyst,0000000000,2002-09-20
E01877,Abigail,Garza,unknown@example.com,Analyst,0000000000,2018-05-27
E01193,Raelynn,Lu,unknown@example.com,Director,0000000000,2020-05-26
E01789,Charles,Luu,unknown@example.com,Sr. Manger,0000000000,2021-06-15
E01422,Lydia,Espinoza,unknown@example.com,Sr. Manger,0000000000,2020-05-15
E00440,Adeline,Thao,unknown@example.com,Vice President,0000000000,2007-09-05
E00145,Kinsley,Dixon,unknown@example.com,Analyst,0000000000,2019-05-25
E04150,Natalia,Vu,unknown@example.com,Analyst,0000000000,2006-12-29
E02846,Julia,Mai,unknown@example.com,Manager,0000000000,2012-03-11
E04247,Camila,Evans,unknown@example.com,Manager,0000000000,1992-12-20
E02613,Everly,Lai,unknown@example.com,Vice President,0000000000,1998-04-01
E03349,Adam,He,unknown@example.com,Director,0000000000,2017-08-16
E03648,Vivian,Hunter,unknown@example.com,Account Representative,0000000000,2019-08-21
E02192,Lucy,Avila,unknown@example.com,Solutions Architect,0000000000,2010-04-22
E03981,Eliana,Li,unknown@example.com,Test Engineer,0000000000,2018-05-07
E03262,Logan,Mitchell,unknown@example.com,Analyst II,0000000000,2005-08-20
E02716,Dominic,Dinh,unknown@example.com,Sr. Manger,0000000000,2005-04-11
E00245,Lucas,Daniels,unknown@example.com,Manager,0000000000,2011-05-29
E04123,Andrew,Holmes,unknown@example.com,Vice President,0000000000,2010-12-30
E03471,Julia,Sandoval,unknown@example.com,Manager,0000000000,2017-11-19
E00717,Kennedy,Vargas,unknown@example.com,Business Partner,0000000000,2005-10-14
E01966,Thomas,Williams,unknown@example.com,Field Engineer,0000000000,2015-11-21
E03683,Raelynn,Hong,unknown@example.com,Director,0000000000,2019-12-11
E03694,Eli,Reed,unknown@example.com,Systems Analyst,0000000000,2014-02-27
E04766,Lyla,Yoon,unknown@example.com,Vice President,0000000000,2012-12-13
E01465,Hannah,White,unknown@example.com,Sr. Manger,0000000000,2009-01-30
E00206,Theodore,Xi,unknown@example.com,Manager,0000000000,2009-10-05
E04088,Ezra,Liang,unknown@example.com,Vice President,0000000000,1997-05-26
E02066,Grayson,Yee,unknown@example.com,Manager,0000000000,2015-07-16
E03227,Eli,Richardson,unknown@example.com,IT Coordinator,0000000000,2015-04-19
E03364,Audrey,Lee,unknown@example.com,Development Engineer,0000000000,2017-02-11
E00607,Jameson,Allen,unknown@example.com,Director,0000000000,2016-11-28
E02258,Eliza,Chen,unknown@example.com,Enterprise Architect,0000000000,2016-04-29
E03681,Lyla,Chen,unknown@example.com,Sr. Business Partner,0000000000,2019-04-26
E02298,Emily,Doan,unknown@example.com,Engineering Manager,0000000000,2014-12-04
E02984,Jack,Mai,unknown@example.com,Sr. Analyst,0000000000,2007-09-22
E02440,Grayson,Turner,unknown@example.com,Solutions Architect,0000000000,1992-06-30
E04699,Ivy,Tang,unknown@example.com,Development Engineer,0000000000,2012-05-03
E03579,Robert,Zhang,unknown@example.com,Vice President,0000000000,2015-09-24
E01649,Eva,Alvarado,unknown@example.com,Computer Systems Manager,0000000000,2017-04-24
E04969,Abigail,Vang,unknown@example.com,Operations Engineer,0000000000,2016-09-09
E00170,Claire,Adams,unknown@example.com,Director,0000000000,1997-08-19
E00955,Theodore,Marquez,unknown@example.com,Development Engineer,0000000000,2012-11-24
E00810,Hunter,Nunez,unknown@example.com,Vice President,0000000000,2002-08-16
E02798,Charles,Henderson,unknown@example.com,Systems Analyst,0000000000,2002-02-11
E04542,Camila,Cortez,unknown@example.com,Manager,0000000000,2021-05-09
E02818,Aaron,Garza,unknown@example.com,Director,0000000000,2013-12-27
E02907,Jose,Singh,unknown@example.com,Sr. Manger,0000000000,2010-04-06
E00023,Gabriel,Joseph,unknown@example.com,Director,0000000000,2006-10-28
E02391,Natalia,Santos,unknown@example.com,Vice President,0000000000,2019-02-25
E01429,Dylan,Wilson,unknown@example.com,Network Administrator,0000000000,2006-09-27
E00494,Robert,Alvarez,unknown@example.com,Service Desk Analyst,0000000000,2016-10-21
E00634,Samantha,Chavez,unknown@example.com,Sr. Analyst,0000000000,2017-01-09
E01249,Samuel,Bailey,unknown@example.com,Vice President,0000000000,2013-08-17
E04683,Ezekiel,Delgado,unknown@example.com,Director,0000000000,2020-02-07
E04732,Benjamin,Ramirez,unknown@example.com,Network Engineer,0000000000,2005-07-27
E03834,Anthony,Carter,unknown@example.com,Director,0000000000,2007-03-15
E02923,Ethan,Tang,unknown@example.com,Sr. Analyst,0000000000,2016-05-04
E02642,Sebastian,Rogers,unknown@example.com,HRIS Analyst,0000000000,2019-11-29
E00981,Miles,Thao,unknown@example.com,System Administrator ,0000000000,2003-06-26
E04157,William,Cao,unknown@example.com,Sr. Analyst,0000000000,2017-02-12
E03528,Leo,Hsu,unknown@example.com,Sr. Manger,0000000000,2017-11-22
E04547,Avery,Grant,unknown@example.com,Enterprise Architect,0000000000,2014-03-05
E04415,Penelope,Fong,unknown@example.com,Director,0000000000,2004-05-14
E04484,Vivian,Thao,unknown@example.com,Quality Engineer,0000000000,2015-04-23
E02800,Eva,Estrada,unknown@example.com,Sr. Manger,0000000000,2018-07-24
E04926,Emma,Luna,unknown@example.com,Field Engineer,0000000000,2008-03-25
E01268,Charlotte,Wu,unknown@example.com,Sr. Business Partner,0000000000,2007-05-02
E04853,Vivian,Chu,unknown@example.com,Sr. Account Representative,0000000000,2021-01-17
E01209,Jayden,Williams,unknown@example.com,Manager,0000000000,1992-12-26
E02024,Amelia,Bell,unknown@example.com,Sr. Analyst,0000000000,2017-08-05
E02427,Addison,Mehta,unknown@example.com,Manager,0000000000,2018-09-15
E00276,Alexander,Jackson,unknown@example.com,Manager,0000000000,2012-07-09
E00951,Everly,Lin,unknown@example.com,Business Partner,0000000000,2021-03-15
E03248,Lyla,Stewart,unknown@example.com,Sr. Manger,0000000000,2015-03-27
E04444,Brooklyn,Ruiz,unknown@example.com,IT Coordinator,0000000000,2014-08-10
E02307,Skylar,Evans,unknown@example.com,Director,0000000000,2009-06-04
E02375,Lincoln,Huynh,unknown@example.com,Sr. Manger,0000000000,2002-02-08
E02276,Hazel,Griffin,unknown@example.com,Field Engineer,0000000000,2015-11-09
E02649,Charles,Gonzalez,unknown@example.com,Quality Engineer,0000000000,2018-09-28
E00503,Leah,Patterson,unknown@example.com,Manager,0000000000,2012-06-11
E01706,Avery,Sun,unknown@example.com,Operations Engineer,0000000000,2004-03-11
E00676,Isaac,Yoon,unknown@example.com,Manager,0000000000,2019-02-06
E02005,Isabella,Bui,unknown@example.com,Enterprise Architect,0000000000,2014-11-21
E01895,Gabriel,Zhou,unknown@example.com,IT Coordinator,0000000000,2021-01-17
E01396,Jack,Vu,unknown@example.com,Analyst II,0000000000,2014-02-10
E00749,Valentina,Moua,unknown@example.com,Account Representative,0000000000,2015-11-10
E01941,Quinn,Trinh,unknown@example.com,Analyst II,0000000000,2010-05-09
E01413,Caroline,Nelson,unknown@example.com,Sr. Account Representative,0000000000,1997-07-30
E03928,Miles,Dang,unknown@example.com,IT Coordinator,0000000000,2000-09-24
E04109,Leah,Bryant,unknown@example.com,IT Coordinator,0000000000,2004-04-30
E03994,Henry,Jung,unknown@example.com,Automation Engineer,0000000000,2018-02-26
E00639,Benjamin,Mai,unknown@example.com,System Administrator ,0000000000,1998-06-15
E00608,Anna,Han,unknown@example.com,Development Engineer,0000000000,2019-11-09
E04189,Ariana,Kim,unknown@example.com,Network Architect,0000000000,2014-06-29
E02732,Alice,Tran,unknown@example.com,Analyst,0000000000,2014-07-29
E00324,Hailey,Song,unknown@example.com,Manager,0000000000,2016-08-23
E00518,Lydia,Morales,unknown@example.com,Manager,0000000000,2013-06-14
E01286,Liam,Sanders,unknown@example.com,Sr. Business Partner,0000000000,2007-02-20
E04564,Luke,Sanchez,unknown@example.com,Sr. Manger,0000000000,2015-12-27
E02033,Grace,Sun,unknown@example.com,Director,0000000000,2021-04-17
E00412,Ezra,Banks,unknown@example.com,Analyst II,0000000000,2010-04-23
E01844,Jayden,Kang,unknown@example.com,Analyst,0000000000,2011-04-24
E00667,Skylar,Shah,unknown@example.com,Field Engineer,0000000000,2012-04-27
E02639,Sebastian,Le,unknown@example.com,Analyst,0000000000,2015-11-09
E00287,Luca,Nelson,unknown@example.com,Manager,0000000000,2010-06-15
E02235,Riley,Ramirez,unknown@example.com,Sr. Business Partner,0000000000,1999-09-13
E02720,Jaxon,Fong,unknown@example.com,Sr. Analyst,0000000000,1997-03-13
E03583,Kayden,Jordan,unknown@example.com,Cloud Infrastructure Architect,0000000000,2010-09-14
E01188,Alexander,James,unknown@example.com,Sr. Manger,0000000000,2013-04-18
E02428,Connor,Luu,unknown@example.com,Computer Systems Manager,0000000000,2016-05-03
E03289,Christopher,Lam,unknown@example.com,Vice President,0000000000,2013-03-29
E01947,Sophie,Owens,unknown@example.com,Analyst II,0000000000,2015-03-05
E02024,Addison,Perez,unknown@example.com,Operations Engineer,0000000000,2020-09-25
E04249,Hadley,Dang,unknown@example.com,Vice President,0000000000,2021-12-26
E01090,Ethan,Mehta,unknown@example.com,Director,0000000000,2001-07-20
E03830,Madison,Her,unknown@example.com,Technical Architect,0000000000,1996-06-22
E04363,Savannah,Singh,unknown@example.com,Director,0000000000,1997-06-20
E04920,Nevaeh,Hsu,unknown@example.com,Sr. Manger,0000000000,2017-04-14
E03866,Jordan,Zhu,unknown@example.com,Sr. Manger,0000000000,2017-01-29
E03521,Jackson,Navarro,unknown@example.com,Director,0000000000,2020-09-25
E04095,Sadie,Patterson,unknown@example.com,Sr. Analyst,0000000000,2020-07-24
E04079,Christopher,Butler,unknown@example.com,Network Architect,0000000000,2017-10-05
E01508,Penelope,Rodriguez,unknown@example.com,Engineering Manager,0000000000,2016-03-12
E02259,Emily,Lau,unknown@example.com,Sr. Analyst,0000000000,2019-03-18
E04972,Sophie,Oh,unknown@example.com,Network Engineer,0000000000,2017-11-09
E01834,Chloe,Allen,unknown@example.com,Solutions Architect,0000000000,2004-07-08
E03124,Caleb,Nelson,unknown@example.com,Director,0000000000,2017-06-12
E01898,Oliver,Moua,unknown@example.com,IT Systems Architect,0000000000,2021-06-28
E00342,Wesley,Doan,unknown@example.com,Manager,0000000000,2004-04-19
E03910,Nova,Hsu,unknown@example.com,Manager,0000000000,2017-01-03
E00862,Levi,Moreno,unknown@example.com,Systems Analyst,0000000000,2020-06-27
E02576,Gianna,Ha,unknown@example.com,Manager,0000000000,2005-02-08
E00035,Lillian,Gonzales,unknown@example.com,Cloud Infrastructure Architect,0000000000,2009-03-13
E01832,Ezra,Singh,unknown@example.com,Analyst,0000000000,2006-05-10
E01755,Audrey,Patel,unknown@example.com,Sr. Manger,0000000000,2011-04-24
E00465,Brooklyn,Cho,unknown@example.com,Technical Architect,0000000000,2002-07-08
E02391,Piper,Ramos,unknown@example.com,Sr. Manger,0000000000,1996-04-02
E04697,Eleanor,Williams,unknown@example.com,Enterprise Architect,0000000000,2005-02-09
E00371,Melody,Grant,unknown@example.com,Quality Engineer,0000000000,2005-10-07
E02992,Paisley,Sanders,unknown@example.com,Sr. Manger,0000000000,2001-03-27
E04369,Santiago,f Gray,unknown@example.com,Quality Engineer,0000000000,2018-09-11
E00592,Josephine,Richardson,unknown@example.com,System Administrator ,0000000000,1996-02-18
E03532,Jaxson,Santiago,unknown@example.com,Engineering Manager,0000000000,2018-09-20
E00863,Lincoln,Ramos,unknown@example.com,Operations Engineer,0000000000,2008-09-10
E03310,Dylan,Campbell,unknown@example.com,Director,0000000000,2010-11-29
E01883,Olivia,Gray,unknown@example.com,Manager,0000000000,2015-09-19
E01242,Emery,Doan,unknown@example.com,Controls Engineer,0000000000,2021-06-23
E02535,Caroline,Perez,unknown@example.com,Controls Engineer,0000000000,2018-01-14
E00369,Genesis,Woods,unknown@example.com,Manager,0000000000,2013-08-21
E03332,Ruby,Sun,unknown@example.com,Cloud Infrastructure Architect,0000000000,2021-09-06
E03278,Nevaeh,James,unknown@example.com,Solutions Architect,0000000000,2017-11-03
E02492,Parker,Sandoval,unknown@example.com,Manager,0000000000,2015-06-10
E03055,Austin,Rojas,unknown@example.com,Vice President,0000000000,2018-12-05
E01943,Vivian,Espinoza,unknown@example.com,Sr. Manger,0000000000,2006-10-05
E01388,Cooper,Gupta,unknown@example.com,Business Partner,0000000000,2014-06-20
E00717,Axel,Santos,unknown@example.com,Sr. Analyst,0000000000,2011-02-17
E04637,Samuel,Song,unknown@example.com,Director,0000000000,2015-06-29
E03240,Aiden,Silva,unknown@example.com,Vice President,0000000000,2010-11-29
E00340,Eliana,Allen,unknown@example.com,Business Partner,0000000000,2009-08-20
E04751,Grayson,James,unknown@example.com,Operations Engineer,0000000000,2010-12-05
E04636,Hailey,Yee,unknown@example.com,Account Representative,0000000000,2021-03-16
E00568,Ian,Vargas,unknown@example.com,Analyst,0000000000,2021-03-02
E02938,John,Trinh,unknown@example.com,Director,0000000000,2014-06-26
E00555,Sofia,Trinh,unknown@example.com,Network Architect,0000000000,2006-12-18
E01111,Santiago,f Moua,unknown@example.com,Sr. Manger,0000000000,2010-05-07
E03149,Layla,Collins,unknown@example.com,IT Systems Architect,0000000000,2021-03-11
E00952,Jaxon,Powell,unknown@example.com,Field Engineer,0000000000,1996-03-29
E04380,Naomi,Washington,unknown@example.com,Manager,0000000000,2020-03-13
E04095,Ryan,Holmes,unknown@example.com,Sr. Manger,0000000000,2018-01-11
E04994,Bella,Holmes,unknown@example.com,Director,0000000000,2017-06-26
E00447,Hailey,Sanchez,unknown@example.com,Vice President,0000000000,2014-02-05
E00089,Sofia,Yoon,unknown@example.com,Sr. Manger,0000000000,2011-01-17
E02035,Eli,Rahman,unknown@example.com,Service Desk Analyst,0000000000,2010-03-16
E03595,Christopher,Howard,unknown@example.com,Enterprise Architect,0000000000,2019-08-26
E03611,Alice,Mehta,unknown@example.com,Analyst II,0000000000,2019-04-02
E04464,Cooper,Yoon,unknown@example.com,Engineering Manager,0000000000,2018-02-15
E02135,John,Delgado,unknown@example.com,Cloud Infrastructure Architect,0000000000,2017-02-11
E01684,Jaxson,Liang,unknown@example.com,Field Engineer,0000000000,2019-03-03
E02968,Caroline,Santos,unknown@example.com,Analyst II,0000000000,2020-07-12
E03362,Lily,Henderson,unknown@example.com,HRIS Analyst,0000000000,2011-05-20
E01108,Hannah,Martinez,unknown@example.com,Manager,0000000000,2006-09-07
E02217,William,Phillips,unknown@example.com,Network Architect,0000000000,2004-01-27
E03519,Eliza,Zheng,unknown@example.com,Computer Systems Manager,0000000000,2014-04-20
E01967,John,Dang,unknown@example.com,Director,0000000000,1992-03-19
E01125,Joshua,Yang,unknown@example.com,Network Engineer,0000000000,2018-11-10
E03795,Hazel,Young,unknown@example.com,Sr. Manger,0000000000,2017-08-13
E00508,Thomas,Jung,unknown@example.com,Sr. Analyst,0000000000,2009-10-23
E02047,Xavier,Perez,unknown@example.com,Sr. Analyst,0000000000,1998-02-26
E01582,Elijah,Coleman,unknown@example.com,Sr. Manger,0000000000,2014-10-19
E02563,Clara,Sanchez,unknown@example.com,Controls Engineer,0000000000,2018-10-02
E04872,Isaac,Stewart,unknown@example.com,Director,0000000000,2020-08-15
E03159,Claire,Romero,unknown@example.com,Vice President,0000000000,2011-07-21
E01337,Andrew,Coleman,unknown@example.com,Director,0000000000,2019-05-15
E00102,Riley,Rojas,unknown@example.com,Network Architect,0000000000,2021-01-21
E03637,Landon,Thao,unknown@example.com,HRIS Analyst,0000000000,2021-01-21
E03455,Hadley,Ford,unknown@example.com,Systems Analyst,0000000000,2005-02-23
E03354,Austin,Brown,unknown@example.com,Director,0000000000,2007-08-08
E01225,Christian,Fong,unknown@example.com,Manager,0000000000,2012-08-10
E01264,Hazel,Alvarez,unknown@example.com,Business Partner,0000000000,2014-04-19
E02274,Isabella,Bailey,unknown@example.com,Network Administrator,0000000000,2010-08-23
E02848,Lincoln,Huynh,unknown@example.com,System Administrator ,0000000000,2016-11-09
E00480,Hadley,Yee,unknown@example.com,Business Partner,0000000000,2018-03-12
E00203,Julia,Doan,unknown@example.com,Business Partner,0000000000,2017-09-07
E00647,Dylan,Ali,unknown@example.com,Sr. Manger,0000000000,2021-04-16
E03296,Eloise,Trinh,unknown@example.com,Solutions Architect,0000000000,2020-04-22
E02453,Dylan,Kumar,unknown@example.com,Sr. Analyst,0000000000,2006-07-11
E00647,Emily,Gupta,unknown@example.com,HRIS Analyst,0000000000,2006-02-23
E02522,Silas,Rivera,unknown@example.com,Vice President,0000000000,2000-02-28
E00459,Jackson,Jordan,unknown@example.com,Business Partner,0000000000,2020-09-21
E03007,Isaac,Joseph,unknown@example.com,Analyst,0000000000,1998-09-24
E04035,Hailey,Lai,unknown@example.com,Sr. Manger,0000000000,2011-03-18
E00952,Leilani,Thao,unknown@example.com,Director,0000000000,2007-05-30
E03863,Madeline,Watson,unknown@example.com,Account Representative,0000000000,2009-05-27
E02710,Silas,Huang,unknown@example.com,Engineering Manager,0000000000,1992-01-09
E01895,Peyton,Walker,unknown@example.com,Analyst,0000000000,2019-07-13
E01339,Jeremiah,Hernandez,unknown@example.com,Network Engineer,0000000000,2019-04-14
E02938,Jace,Washington,unknown@example.com,Manager,0000000000,2002-02-09
E03379,Landon,Kim,unknown@example.com,Manager,0000000000,2012-03-15
E02153,Peyton,Vasquez,unknown@example.com,Analyst,0000000000,2019-01-24
E00994,Charlotte,Baker,unknown@example.com,Analyst II,0000000000,2016-11-17
E00943,Elena,Mendoza,unknown@example.com,Director,0000000000,2018-10-24
E00869,Nova,Lin,unknown@example.com,Cloud Infrastructure Architect,0000000000,2017-10-21
E03457,Ivy,Desai,unknown@example.com,Controls Engineer,0000000000,2001-04-09
E02193,Josephine,Acosta,unknown@example.com,Director,0000000000,2020-09-20
E00577,Nora,Nunez,unknown@example.com,Analyst II,0000000000,2012-08-06
E00538,Caleb,Xiong,unknown@example.com,Sr. Account Representative,0000000000,2011-11-28
E01415,Henry,Green,unknown@example.com,Sr. Account Representative,0000000000,2020-02-03
E00717,Madelyn,Chan,unknown@example.com,Manager,0000000000,2003-05-21
E00225,Angel,Delgado,unknown@example.com,Director,0000000000,2017-08-10
E02889,Mia,Herrera,unknown@example.com,Director,0000000000,2014-10-16
E04978,Peyton,Harris,unknown@example.com,Enterprise Architect,0000000000,2009-04-05
E04163,David,Herrera,unknown@example.com,Engineering Manager,0000000000,2021-10-09
E01652,Avery,Dominguez,unknown@example.com,Sr. Manger,0000000000,2019-09-13
E00880,Grace,Carter,unknown@example.com,Sr. Manger,0000000000,2021-03-17
E04335,Parker,Allen,unknown@example.com,Sr. Analyst,0000000000,2018-08-13
E01300,Sadie,Lee,unknown@example.com,Sr. Manger,0000000000,2000-10-24
E03102,Cooper,Valdez,unknown@example.com,Manager,0000000000,2012-04-25
E04089,Sebastian,Fong,unknown@example.com,Sr. Manger,0000000000,2017-12-16
E02059,Roman,Munoz,unknown@example.com,Sr. Manger,0000000000,2011-10-20
E03894,Charlotte,Chang,unknown@example.com,Manager,0000000000,2000-05-07
E03106,Xavier,Davis,unknown@example.com,Vice President,0000000000,2009-01-17
E01350,Natalie,Carter,unknown@example.com,Director,0000000000,2012-12-21
E02900,Elena,Richardson,unknown@example.com,Manager,0000000000,2014-10-03
E02202,Emilia,Bailey,unknown@example.com,Vice President,0000000000,2012-08-09
E02696,Ryan,Lu,unknown@example.com,Development Engineer,0000000000,2021-07-08
E01722,Asher,Huynh,unknown@example.com,Manager,0000000000,2015-01-22
E04562,Kinsley,Martinez,unknown@example.com,Director,0000000000,1993-08-28
E00640,Paisley,Bryant,unknown@example.com,Cloud Infrastructure Architect,0000000000,2016-04-27
E02554,Joshua,Ramirez,unknown@example.com,Vice President,0000000000,2007-09-10
E03412,Joshua,Martin,unknown@example.com,Sr. Manger,0000000000,2003-10-20
E00646,Charles,Moore,unknown@example.com,Analyst,0000000000,2011-12-17
E04670,Angel,Do,unknown@example.com,IT Systems Architect,0000000000,2019-09-20
E03580,Maverick,Medina,unknown@example.com,Analyst II,0000000000,2007-05-27
E00446,Isaac,Han,unknown@example.com,Vice President,0000000000,2015-01-14
E02363,Eliza,Liang,unknown@example.com,Sr. Manger,0000000000,2010-03-11
E03718,Zoe,Zhou,unknown@example.com,Manager,0000000000,2009-10-06
E01749,Nathan,Lee,unknown@example.com,Analyst,0000000000,2016-08-20
E02888,Elijah,Ramos,unknown@example.com,Sr. Manger,0000000000,2012-12-24
E01338,Jaxson,Coleman,unknown@example.com,Manager,0000000000,2020-04-15
E03000,Hailey,Hong,unknown@example.com,Account Representative,0000000000,2021-01-22
E01611,Gabriella,Zhu,unknown@example.com,Computer Systems Manager,0000000000,2014-11-29
E02684,Aaron,Maldonado,unknown@example.com,Analyst II,0000000000,2008-09-17
E02561,Samantha,Vargas,unknown@example.com,Director,0000000000,2006-07-21
E03168,Nora,Le,unknown@example.com,Sr. Manger,0000000000,1997-04-12
E00758,Alice,Roberts,unknown@example.com,Director,0000000000,1994-09-26
E03691,Colton,Garcia,unknown@example.com,Solutions Architect,0000000000,1993-11-17
E01488,Stella,Lai,unknown@example.com,Sr. Analyst,0000000000,2021-04-28
E04415,Leonardo,Luong,unknown@example.com,Manager,0000000000,1999-12-29
E03278,Nicholas,Wong,unknown@example.com,Director,0000000000,2019-11-07
E00282,Jeremiah,Castillo,unknown@example.com,Analyst II,0000000000,2006-04-12
E03305,Cooper,Jiang,unknown@example.com,Analyst II,0000000000,2019-07-25
E00559,Penelope,Silva,unknown@example.com,Network Architect,0000000000,2016-11-03
E02558,Jose,Richardson,unknown@example.com,Director,0000000000,2019-10-15
E00956,Eleanor,Chau,unknown@example.com,Development Engineer,0000000000,2020-03-08
E03858,John,Cho,unknown@example.com,Director,0000000000,2019-11-03
E02221,Julian,Delgado,unknown@example.com,Systems Analyst,0000000000,2016-05-19
E00126,Isabella,Scott,unknown@example.com,Network Administrator,0000000000,2016-04-26
E02627,Parker,Avila,unknown@example.com,Analyst II,0000000000,2005-11-28
E03778,Luke,Vu,unknown@example.com,Sr. Manger,0000000000,2018-06-04
E00481,Jameson,Nelson,unknown@example.com,Network Architect,0000000000,2016-03-08
E02833,Adrian,Fernandez,unknown@example.com,Systems Analyst,0000000000,2001-08-23
E03902,Madison,Hunter,unknown@example.com,Network Administrator,0000000000,2012-02-05
E02310,Jordan,Phillips,unknown@example.com,Vice President,0000000000,2010-12-12
E02661,Maya,Chan,unknown@example.com,Controls Engineer,0000000000,2013-02-13
E00836,Wesley,King,unknown@example.com,Manager,0000000000,2019-01-19
E00682,Sofia,Fernandez,unknown@example.com,Manager,0000000000,2005-10-17
E00287,Maverick,Figueroa,unknown@example.com,IT Systems Architect,0000000000,2008-07-06
E00785,Hannah,Hoang,unknown@example.com,Manager,0000000000,2021-12-15
E04598,Violet,Garcia,unknown@example.com,Sr. Analyst,0000000000,2017-01-10
E03247,Aaliyah,Mai,unknown@example.com,Vice President,0000000000,2016-11-11
E02703,Austin,Vang,unknown@example.com,Manager,0000000000,2018-05-20
E02191,Maria,Sun,unknown@example.com,Director,0000000000,2021-12-19
E00156,Madelyn,Scott,unknown@example.com,Sr. Manger,0000000000,2002-01-09
E03349,Dylan,Chin,unknown@example.com,Director,0000000000,2017-06-05
E04032,Emery,Zhang,unknown@example.com,Field Engineer,0000000000,2012-02-28
E00005,Riley,Washington,unknown@example.com,Director,0000000000,2007-04-29
E04354,Raelynn,Rios,unknown@example.com,Vice President,0000000000,2016-08-21
E01578,Anthony,Hong,unknown@example.com,Sr. Manger,0000000000,2010-11-29
E03430,Leo,Herrera,unknown@example.com,Sr. Business Partner,0000000000,1998-04-22
E03058,Robert,Wright,unknown@example.com,Technical Architect,0000000000,2015-06-14
E04762,Audrey,Richardson,unknown@example.com,Director,0000000000,2018-10-06
E01148,Scarlett,Kumar,unknown@example.com,Systems Analyst,0000000000,2009-01-07
E03094,Wesley,Young,unknown@example.com,Sr. Analyst,0000000000,2016-09-18
E01909,Lillian,Khan,unknown@example.com,Analyst,0000000000,2010-05-31
E04398,Oliver,Yang,unknown@example.com,Director,0000000000,2019-06-10
E02521,Lily,Nguyen,unknown@example.com,Sr. Analyst,0000000000,2012-01-28
E03545,Sofia,Cheng,unknown@example.com,Vice President,0000000000,2020-07-26
